{
  "heatmap_model": {
    "train_losses": [
      0.01758373880875297,
      0.0031491559057030827,
      0.002769810293102637,
      0.0025712478818604723,
      0.002360757367569022,
      0.002099075536534656,
      0.001835522478359053,
      0.0015954562986735255,
      0.0013317883531271946,
      0.0011275871875113808,
      0.0009920481224980904,
      0.0008977654470072594,
      0.0008332564830197953,
      0.000782037162935012,
      0.0007493328357668361,
      0.0007183188317867462,
      0.0006896907161717536,
      0.0006739646705682389,
      0.0006515386194223538,
      0.0006314454212770215,
      0.0006290105520747602,
      0.0006150092431198573,
      0.0006073636650398839,
      0.0005980254245514516,
      0.0005805930395581527,
      0.0005764605903095799,
      0.0005732749832532136,
      0.0005665075868819258,
      0.0005624177319987211,
      0.0005534377360163489
    ],
    "val_losses": [
      0.0037481089654777732,
      0.0028808962420693468,
      0.0026732664555311203,
      0.0024966183783752577,
      0.002282550325617194,
      0.002077014950503196,
      0.0018442263161497457,
      0.001493655427891229,
      0.0012989016748698695,
      0.001115546960915838,
      0.0010298043239994773,
      0.0009252292968864952,
      0.0008469887792931072,
      0.0008209325689157205,
      0.0008162117613080357,
      0.0007391127458374415,
      0.000779384996608964,
      0.0007027840807235666,
      0.0006788165192119777,
      0.000673936921105321,
      0.0006843823274331433,
      0.0006755819693872971,
      0.0006567298384782459,
      0.0006242467206902802,
      0.0006120980251580477,
      0.0006147203634360007,
      0.0006054043852990228,
      0.0006089192382725221,
      0.0005891535547561944,
      0.0006066750502213836
    ],
    "best_val_loss": 0.0005891535547561944
  },
  "regression_model": {
    "train_losses": [
      0.02295284840511158,
      0.01701244039577432,
      0.015298855432774872,
      0.013866784836864099,
      0.01267550463671796,
      0.01130903308512643,
      0.010950548225082457,
      0.010521561052883044,
      0.01024407148361206,
      0.009804619359783828,
      0.009851975395577028,
      0.009659063085564412,
      0.009599537079338916,
      0.00936149295012001,
      0.009436978099984117,
      0.009368182858452201,
      0.009539074439089745,
      0.009374025365104899,
      0.00927273344132118,
      0.00946731839212589,
      0.009179926812066697,
      0.009212566103087738,
      0.008992193543235771,
      0.009293485883972608,
      0.00891979229345452,
      0.00889115346944891,
      0.008693227922776714,
      0.008692976596648805,
      0.008735647235880606,
      0.008622115637990646
    ],
    "val_losses": [
      0.01923820935189724,
      0.014160128975553172,
      0.017200657964817116,
      0.013850836881569453,
      0.010388831474951335,
      0.009834891318210534,
      0.008939141274562903,
      0.01072159515959876,
      0.00915467313357762,
      0.008540219560797726,
      0.009758631033556802,
      0.008744504036647933,
      0.008934742771089077,
      0.00847558630630374,
      0.009095531356121813,
      0.008306469967854875,
      0.008802621492317744,
      0.008604945614933968,
      0.009793293795415334,
      0.008488920982927084,
      0.008861542413277286,
      0.008288609462657146,
      0.008785985543259553,
      0.008526868719075407,
      0.008191141366426433,
      0.008613596736852611,
      0.008180534932762384,
      0.008406521353338445,
      0.008200233868722404,
      0.008475390861609153
    ],
    "best_val_loss": 0.008180534932762384
  },
  "training_params": {
    "batch_size": 32,
    "num_epochs": 30,
    "device": "cuda"
  }
}